Academic Year,LSS Number,LSS Name,School Number,School Name,Cohort,Grad Rate,Diplomas Earned,Adjusted Cohort Count,Create Date
2018,01,Allegany,0405,Fort Hill High,5-year adjusted cohort,82.80,154,186,20200117
2018,01,Allegany,0405,Fort Hill High,4-year adjusted cohort,82.61,152,184,20200117
2018,01,Allegany,0405,Fort Hill High,3-year adjusted cohort,<= 5.00,*,182,20200117
2018,01,Allegany,0601,Center for Career & Technical Education,5-year adjusted cohort,>= 95.00,*,123,20200117
2018,01,Allegany,0601,Center for Career & Technical Education,4-year adjusted cohort,92.86,117,126,20200117
2018,01,Allegany,0601,Center for Career & Technical Education,3-year adjusted cohort,<= 5.00,*,130,20200117
2018,01,Allegany,0606,Allegany High,5-year adjusted cohort,>= 95.00,*,179,20200117
2018,01,Allegany,0606,Allegany High,4-year adjusted cohort,>= 95.00,*,179,20200117
2018,01,Allegany,0606,Allegany High,3-year adjusted cohort,<= 5.00,*,171,20200117
2018,01,Allegany,2404,Mountain Ridge High School,5-year adjusted cohort,91.96,183,199,20200117
2018,01,Allegany,2404,Mountain Ridge High School,4-year adjusted cohort,91.41,181,198,20200117
2018,01,Allegany,2404,Mountain Ridge High School,3-year adjusted cohort,<= 5.00,*,192,20200117
2018,01,Allegany,A,All Allegany Schools,5-year adjusted cohort,91.12,626,687,20200117
2018,01,Allegany,A,All Allegany Schools,4-year adjusted cohort,90.39,621,687,20200117
2018,01,Allegany,A,All Allegany Schools,3-year adjusted cohort,<= 5.00,*,675,20200117
2018,02,Anne Arundel,1033,Glen Burnie High,5-year adjusted cohort,90.18,395,438,20200117
2018,02,Anne Arundel,1033,Glen Burnie High,4-year adjusted cohort,86.32,385,446,20200117
2018,02,Anne Arundel,1033,Glen Burnie High,3-year adjusted cohort,<= 5.00,*,448,20200117
2018,02,Anne Arundel,1274,Marley Glen School,5-year adjusted cohort,*,*,*,20200117
2018,02,Anne Arundel,1274,Marley Glen School,4-year adjusted cohort,*,*,*,20200117
2018,02,Anne Arundel,1274,Marley Glen School,3-year adjusted cohort,*,*,*,20200117
2018,02,Anne Arundel,1323,North County High,5-year adjusted cohort,90.53,478,528,20200117
2018,02,Anne Arundel,1323,North County High,4-year adjusted cohort,88.72,472,532,20200117
2018,02,Anne Arundel,1323,North County High,3-year adjusted cohort,<= 5.00,*,527,20200117
2018,02,Anne Arundel,2013,Severna Park High,5-year adjusted cohort,>= 95.00,*,460,20200117
2018,02,Anne Arundel,2013,Severna Park High,4-year adjusted cohort,>= 95.00,*,459,20200117
2018,02,Anne Arundel,2013,Severna Park High,3-year adjusted cohort,<= 5.00,*,457,20200117
2018,02,Anne Arundel,2023,Northeast High,5-year adjusted cohort,>= 95.00,*,369,20200117
2018,02,Anne Arundel,2023,Northeast High,4-year adjusted cohort,93.83,350,373,20200117
2018,02,Anne Arundel,2023,Northeast High,3-year adjusted cohort,<= 5.00,*,366,20200117
2018,02,Anne Arundel,2233,Anne Arundel Evening High,5-year adjusted cohort,47.30,105,222,20200117
2018,02,Anne Arundel,2233,Anne Arundel Evening High,4-year adjusted cohort,24.10,40,166,20200117
2018,02,Anne Arundel,2233,Anne Arundel Evening High,3-year adjusted cohort,<= 5.00,*,122,20200117
2018,02,Anne Arundel,2273,Chesapeake High,5-year adjusted cohort,91.55,325,355,20200117
2018,02,Anne Arundel,2273,Chesapeake High,4-year adjusted cohort,90.50,324,358,20200117
2018,02,Anne Arundel,2273,Chesapeake High,3-year adjusted cohort,<= 5.00,*,354,20200117
2018,02,Anne Arundel,2363,Broadneck High,5-year adjusted cohort,>= 95.00,*,486,20200117
2018,02,Anne Arundel,2363,Broadneck High,4-year adjusted cohort,94.70,465,491,20200117
2018,02,Anne Arundel,2363,Broadneck High,3-year adjusted cohort,<= 5.00,*,491,20200117
2018,02,Anne Arundel,3013,Arundel High,5-year adjusted cohort,>= 95.00,*,554,20200117
2018,02,Anne Arundel,3013,Arundel High,4-year adjusted cohort,>= 95.00,*,553,20200117
2018,02,Anne Arundel,3013,Arundel High,3-year adjusted cohort,<= 5.00,*,545,20200117
2018,02,Anne Arundel,3323,Meade High,5-year adjusted cohort,89.04,390,438,20200117
2018,02,Anne Arundel,3323,Meade High,4-year adjusted cohort,84.82,380,448,20200117
2018,02,Anne Arundel,3323,Meade High,3-year adjusted cohort,<= 5.00,*,442,20200117
2018,02,Anne Arundel,3353,Old Mill High,5-year adjusted cohort,93.64,501,535,20200117
2018,02,Anne Arundel,3353,Old Mill High,4-year adjusted cohort,92.92,499,537,20200117
2018,02,Anne Arundel,3353,Old Mill High,3-year adjusted cohort,<= 5.00,*,533,20200117
2018,02,Anne Arundel,3414,Ruth Parker Eason School,5-year adjusted cohort,*,*,*,20200117
2018,02,Anne Arundel,3414,Ruth Parker Eason School,4-year adjusted cohort,*,*,*,20200117
2018,02,Anne Arundel,3414,Ruth Parker Eason School,3-year adjusted cohort,*,*,*,20200117
2018,02,Anne Arundel,4013,Annapolis High,5-year adjusted cohort,88.66,422,476,20200117
2018,02,Anne Arundel,4013,Annapolis High,4-year adjusted cohort,86.60,420,485,20200117
2018,02,Anne Arundel,4013,Annapolis High,3-year adjusted cohort,<= 5.00,*,478,20200117
2018,02,Anne Arundel,4023,Southern High,5-year adjusted cohort,94.27,247,262,20200117
2018,02,Anne Arundel,4023,Southern High,4-year adjusted cohort,93.16,245,263,20200117
2018,02,Anne Arundel,4023,Southern High,3-year adjusted cohort,<= 5.00,*,270,20200117
2018,02,Anne Arundel,4074,Phoenix Academy,5-year adjusted cohort,65.91,29,44,20200117
2018,02,Anne Arundel,4074,Phoenix Academy,4-year adjusted cohort,53.33,24,45,20200117
2018,02,Anne Arundel,4074,Phoenix Academy,3-year adjusted cohort,<= 5.00,*,54,20200117
2018,02,Anne Arundel,4293,South River High,5-year adjusted cohort,>= 95.00,*,524,20200117
2018,02,Anne Arundel,4293,South River High,4-year adjusted cohort,93.97,499,531,20200117
2018,02,Anne Arundel,4293,South River High,3-year adjusted cohort,<= 5.00,*,535,20200117
2018,02,Anne Arundel,4304,Central Special School,5-year adjusted cohort,*,*,*,20200117
2018,02,Anne Arundel,4304,Central Special School,4-year adjusted cohort,*,*,*,20200117
2018,02,Anne Arundel,4304,Central Special School,3-year adjusted cohort,*,*,*,20200117
2018,02,Anne Arundel,6223,Chesapeake Science Point,5-year adjusted cohort,>= 95.00,*,54,20200117
2018,02,Anne Arundel,6223,Chesapeake Science Point,4-year adjusted cohort,>= 95.00,*,54,20200117
2018,02,Anne Arundel,6223,Chesapeake Science Point,3-year adjusted cohort,<= 5.00,*,54,20200117
2018,02,Anne Arundel,A,All Anne Arundel Schools,5-year adjusted cohort,91.15,5250,5760,20200117
2018,02,Anne Arundel,A,All Anne Arundel Schools,4-year adjusted cohort,89.20,5135,5757,20200117
2018,02,Anne Arundel,A,All Anne Arundel Schools,3-year adjusted cohort,<= 5.00,*,5697,20200117
2018,03,Baltimore County,0054,Extended Day Learning Program,5-year adjusted cohort,<= 5.00,*,67,20200117
2018,03,Baltimore County,0054,Extended Day Learning Program,4-year adjusted cohort,<= 5.00,*,62,20200117
2018,03,Baltimore County,0054,Extended Day Learning Program,3-year adjusted cohort,<= 5.00,*,55,20200117
2018,03,Baltimore County,0058,Home Assignments-Secondary,5-year adjusted cohort,<= 5.00,*,14,20200117
2018,03,Baltimore County,0058,Home Assignments-Secondary,4-year adjusted cohort,<= 5.00,*,20,20200117
2018,03,Baltimore County,0058,Home Assignments-Secondary,3-year adjusted cohort,<= 5.00,*,39,20200117
2018,03,Baltimore County,0069,Catonsville Center for Alternative Studies,5-year adjusted cohort,<= 5.00,*,11,20200117
2018,03,Baltimore County,0069,Catonsville Center for Alternative Studies,4-year adjusted cohort,<= 5.00,*,14,20200117
2018,03,Baltimore County,0069,Catonsville Center for Alternative Studies,3-year adjusted cohort,<= 5.00,*,26,20200117
2018,03,Baltimore County,0072,Rosedale Center,5-year adjusted cohort,*,*,*,20200117
2018,03,Baltimore County,0072,Rosedale Center,4-year adjusted cohort,*,*,*,20200117
2018,03,Baltimore County,0072,Rosedale Center,3-year adjusted cohort,<= 5.00,*,20,20200117
2018,03,Baltimore County,0075,Crossroads Center,5-year adjusted cohort,*,*,*,20200117
2018,03,Baltimore County,0075,Crossroads Center,4-year adjusted cohort,*,*,*,20200117
2018,03,Baltimore County,0075,Crossroads Center,3-year adjusted cohort,<= 5.00,*,17,20200117
2018,03,Baltimore County,0077,BCDC Educational Center,5-year adjusted cohort,<= 5.00,*,31,20200117
2018,03,Baltimore County,0077,BCDC Educational Center,4-year adjusted cohort,<= 5.00,*,15,20200117
2018,03,Baltimore County,0077,BCDC Educational Center,3-year adjusted cohort,*,*,*,20200117
2018,03,Baltimore County,0111,Maiden Choice School,5-year adjusted cohort,*,*,*,20200117
2018,03,Baltimore County,0111,Maiden Choice School,4-year adjusted cohort,*,*,*,20200117
2018,03,Baltimore County,0111,Maiden Choice School,3-year adjusted cohort,*,*,*,20200117
2018,03,Baltimore County,0172,Woodlawn High Center for Pre-Eng. Res.,5-year adjusted cohort,90.59,308,340,20200117
2018,03,Baltimore County,0172,Woodlawn High Center for Pre-Eng. Res.,4-year adjusted cohort,91.07,306,336,20200117
2018,03,Baltimore County,0172,Woodlawn High Center for Pre-Eng. Res.,3-year adjusted cohort,5.97,20,335,20200117
2018,03,Baltimore County,0174,Catonsville High,5-year adjusted cohort,>= 95.00,*,467,20200117
2018,03,Baltimore County,0174,Catonsville High,4-year adjusted cohort,94.24,442,469,20200117
2018,03,Baltimore County,0174,Catonsville High,3-year adjusted cohort,<= 5.00,*,457,20200117
2018,03,Baltimore County,0175,Western School of Technology & Env. Science,5-year adjusted cohort,>= 95.00,*,210,20200117
2018,03,Baltimore County,0175,Western School of Technology & Env. Science,4-year adjusted cohort,>= 95.00,*,210,20200117
2018,03,Baltimore County,0175,Western School of Technology & Env. Science,3-year adjusted cohort,<= 5.00,*,210,20200117
2018,03,Baltimore County,0271,Milford Mill Academy,5-year adjusted cohort,93.39,339,363,20200117
2018,03,Baltimore County,0271,Milford Mill Academy,4-year adjusted cohort,93.06,335,360,20200117
2018,03,Baltimore County,0271,Milford Mill Academy,3-year adjusted cohort,<= 5.00,*,353,20200117
2018,03,Baltimore County,0272,Randallstown High,5-year adjusted cohort,92.40,231,250,20200117
2018,03,Baltimore County,0272,Randallstown High,4-year adjusted cohort,92.71,229,247,20200117
2018,03,Baltimore County,0272,Randallstown High,3-year adjusted cohort,<= 5.00,*,238,20200117
2018,03,Baltimore County,0371,Pikesville High,5-year adjusted cohort,>= 95.00,*,223,20200117
2018,03,Baltimore County,0371,Pikesville High,4-year adjusted cohort,>= 95.00,*,221,20200117
2018,03,Baltimore County,0371,Pikesville High,3-year adjusted cohort,<= 5.00,*,214,20200117
2018,03,Baltimore County,0452,Owings Mills High,5-year adjusted cohort,81.44,215,264,20200117
2018,03,Baltimore County,0452,Owings Mills High,4-year adjusted cohort,80.61,212,263,20200117
2018,03,Baltimore County,0452,Owings Mills High,3-year adjusted cohort,<= 5.00,*,252,20200117
2018,03,Baltimore County,0472,Franklin High,5-year adjusted cohort,92.60,388,419,20200117
2018,03,Baltimore County,0472,Franklin High,4-year adjusted cohort,91.43,384,420,20200117
2018,03,Baltimore County,0472,Franklin High,3-year adjusted cohort,<= 5.00,*,417,20200117
2018,03,Baltimore County,0473,New Town High,5-year adjusted cohort,94.03,252,268,20200117
2018,03,Baltimore County,0473,New Town High,4-year adjusted cohort,92.88,248,267,20200117
2018,03,Baltimore County,0473,New Town High,3-year adjusted cohort,<= 5.00,*,251,20200117
2018,03,Baltimore County,0772,Hereford High,5-year adjusted cohort,>= 95.00,*,297,20200117
2018,03,Baltimore County,0772,Hereford High,4-year adjusted cohort,>= 95.00,*,297,20200117
2018,03,Baltimore County,0772,Hereford High,3-year adjusted cohort,<= 5.00,*,295,20200117
2018,03,Baltimore County,0872,Dulaney High,5-year adjusted cohort,>= 95.00,*,430,20200117
2018,03,Baltimore County,0872,Dulaney High,4-year adjusted cohort,>= 95.00,*,433,20200117
2018,03,Baltimore County,0872,Dulaney High,3-year adjusted cohort,<= 5.00,*,424,20200117
2018,03,Baltimore County,0922,Ridge Ruxton,5-year adjusted cohort,<= 5.00,*,12,20200117
2018,03,Baltimore County,0922,Ridge Ruxton,4-year adjusted cohort,<= 5.00,*,11,20200117
2018,03,Baltimore County,0922,Ridge Ruxton,3-year adjusted cohort,<= 5.00,*,10,20200117
2018,03,Baltimore County,0971,Towson High Law & Public Policy,5-year adjusted cohort,>= 95.00,*,358,20200117
2018,03,Baltimore County,0971,Towson High Law & Public Policy,4-year adjusted cohort,>= 95.00,*,354,20200117
2018,03,Baltimore County,0971,Towson High Law & Public Policy,3-year adjusted cohort,<= 5.00,*,350,20200117
2018,03,Baltimore County,0972,Parkville High & Center for Math/Science,5-year adjusted cohort,82.77,370,447,20200117
2018,03,Baltimore County,0972,Parkville High & Center for Math/Science,4-year adjusted cohort,81.11,365,450,20200117
2018,03,Baltimore County,0972,Parkville High & Center for Math/Science,3-year adjusted cohort,7.76,34,438,20200117
2018,03,Baltimore County,0973,Loch Raven High,5-year adjusted cohort,94.91,205,216,20200117
2018,03,Baltimore County,0973,Loch Raven High,4-year adjusted cohort,93.09,202,217,20200117
2018,03,Baltimore County,0973,Loch Raven High,3-year adjusted cohort,<= 5.00,*,215,20200117
2018,03,Baltimore County,0975,George W. Carver Center for Arts & Technology,5-year adjusted cohort,>= 95.00,*,215,20200117
2018,03,Baltimore County,0975,George W. Carver Center for Arts & Technology,4-year adjusted cohort,>= 95.00,*,215,20200117
2018,03,Baltimore County,0975,George W. Carver Center for Arts & Technology,3-year adjusted cohort,<= 5.00,*,219,20200117
2018,03,Baltimore County,1171,Perry Hall High,5-year adjusted cohort,92.86,494,532,20200117
2018,03,Baltimore County,1171,Perry Hall High,4-year adjusted cohort,92.11,490,532,20200117
2018,03,Baltimore County,1171,Perry Hall High,3-year adjusted cohort,<= 5.00,*,518,20200117
2018,03,Baltimore County,1215,Battle Monument School,5-year adjusted cohort,*,*,*,20200117
2018,03,Baltimore County,1215,Battle Monument School,4-year adjusted cohort,*,*,*,20200117
2018,03,Baltimore County,1215,Battle Monument School,3-year adjusted cohort,*,*,*,20200117
2018,03,Baltimore County,1272,Patapsco High & Center for Arts,5-year adjusted cohort,84.47,310,367,20200117
2018,03,Baltimore County,1272,Patapsco High & Center for Arts,4-year adjusted cohort,82.48,306,371,20200117
2018,03,Baltimore County,1272,Patapsco High & Center for Arts,3-year adjusted cohort,<= 5.00,*,354,20200117
2018,03,Baltimore County,1273,Dundalk High,5-year adjusted cohort,84.20,341,405,20200117
2018,03,Baltimore County,1273,Dundalk High,4-year adjusted cohort,83.58,336,402,20200117
2018,03,Baltimore County,1273,Dundalk High,3-year adjusted cohort,<= 5.00,*,400,20200117
2018,03,Baltimore County,1371,Lansdowne High & Academy of Finance,5-year adjusted cohort,87.20,293,336,20200117
2018,03,Baltimore County,1371,Lansdowne High & Academy of Finance,4-year adjusted cohort,86.23,288,334,20200117
2018,03,Baltimore County,1371,Lansdowne High & Academy of Finance,3-year adjusted cohort,13.33,46,345,20200117
2018,03,Baltimore County,1473,Overlea High & Academy of Finance,5-year adjusted cohort,92.41,219,237,20200117
2018,03,Baltimore County,1473,Overlea High & Academy of Finance,4-year adjusted cohort,88.80,214,241,20200117
2018,03,Baltimore County,1473,Overlea High & Academy of Finance,3-year adjusted cohort,<= 5.00,*,238,20200117
2018,03,Baltimore County,1572,Kenwood High IB and Sports Science,5-year adjusted cohort,85.48,318,372,20200117
2018,03,Baltimore County,1572,Kenwood High IB and Sports Science,4-year adjusted cohort,83.83,311,371,20200117
2018,03,Baltimore County,1572,Kenwood High IB and Sports Science,3-year adjusted cohort,8.72,32,367,20200117
2018,03,Baltimore County,1573,Sparrows Point High,5-year adjusted cohort,>= 95.00,*,224,20200117
2018,03,Baltimore County,1573,Sparrows Point High,4-year adjusted cohort,>= 95.00,*,223,20200117
2018,03,Baltimore County,1573,Sparrows Point High,3-year adjusted cohort,<= 5.00,*,218,20200117
2018,03,Baltimore County,1574,Chesapeake High,5-year adjusted cohort,86.21,225,261,20200117
2018,03,Baltimore County,1574,Chesapeake High,4-year adjusted cohort,83.27,219,263,20200117
2018,03,Baltimore County,1574,Chesapeake High,3-year adjusted cohort,5.95,15,252,20200117
2018,03,Baltimore County,1575,Eastern Technical High School,5-year adjusted cohort,>= 95.00,*,280,20200117
2018,03,Baltimore County,1575,Eastern Technical High School,4-year adjusted cohort,>= 95.00,*,280,20200117
2018,03,Baltimore County,1575,Eastern Technical High School,3-year adjusted cohort,<= 5.00,*,280,20200117
2018,03,Baltimore County,A,All Baltimore County Schools,5-year adjusted cohort,89.90,7133,7934,20200117
2018,03,Baltimore County,A,All Baltimore County Schools,4-year adjusted cohort,89.16,7058,7916,20200117
2018,03,Baltimore County,A,All Baltimore County Schools,3-year adjusted cohort,<= 5.00,*,7823,20200117
2018,04,Calvert,0113,Patuxent High,5-year adjusted cohort,90.87,219,241,20200117
2018,04,Calvert,0113,Patuxent High,4-year adjusted cohort,89.96,215,239,20200117
2018,04,Calvert,0113,Patuxent High,3-year adjusted cohort,<= 5.00,*,232,20200117
2018,04,Calvert,0206,Calvert Country School,5-year adjusted cohort,*,*,*,20200117
2018,04,Calvert,0206,Calvert Country School,4-year adjusted cohort,*,*,*,20200117
2018,04,Calvert,0206,Calvert Country School,3-year adjusted cohort,*,*,*,20200117
2018,04,Calvert,0213,Calvert High,5-year adjusted cohort,>= 95.00,*,327,20200117
2018,04,Calvert,0213,Calvert High,4-year adjusted cohort,93.87,306,326,20200117
2018,04,Calvert,0213,Calvert High,3-year adjusted cohort,<= 5.00,*,322,20200117
2018,04,Calvert,0217,Huntingtown High School,5-year adjusted cohort,>= 95.00,*,361,20200117
2018,04,Calvert,0217,Huntingtown High School,4-year adjusted cohort,>= 95.00,*,360,20200117
2018,04,Calvert,0217,Huntingtown High School,3-year adjusted cohort,<= 5.00,*,352,20200117
2018,04,Calvert,0314,Northern High,5-year adjusted cohort,>= 95.00,*,370,20200117
2018,04,Calvert,0314,Northern High,4-year adjusted cohort,>= 95.00,*,370,20200117
2018,04,Calvert,0314,Northern High,3-year adjusted cohort,<= 5.00,*,367,20200117
2018,04,Calvert,0500,Calvert County Alternative School,5-year adjusted cohort,*,*,*,20200117
2018,04,Calvert,0500,Calvert County Alternative School,4-year adjusted cohort,*,*,*,20200117
2018,04,Calvert,0500,Calvert County Alternative School,3-year adjusted cohort,*,*,*,20200117
2018,04,Calvert,A,All Calvert Schools,5-year adjusted cohort,94.72,1238,1307,20200117
2018,04,Calvert,A,All Calvert Schools,4-year adjusted cohort,93.94,1225,1304,20200117
2018,04,Calvert,A,All Calvert Schools,3-year adjusted cohort,<= 5.00,*,1284,20200117
2018,05,Caroline,0703,North Caroline High School,5-year adjusted cohort,90.46,237,262,20200117
2018,05,Caroline,0703,North Caroline High School,4-year adjusted cohort,88.59,233,263,20200117
2018,05,Caroline,0703,North Caroline High School,3-year adjusted cohort,<= 5.00,*,268,20200117
2018,05,Caroline,0801,Colonel Richardson High School,5-year adjusted cohort,88.98,113,127,20200117
2018,05,Caroline,0801,Colonel Richardson High School,4-year adjusted cohort,88.89,112,126,20200117
2018,05,Caroline,0801,Colonel Richardson High School,3-year adjusted cohort,<= 5.00,*,126,20200117
2018,05,Caroline,A,All Caroline Schools,5-year adjusted cohort,89.97,350,389,20200117
2018,05,Caroline,A,All Caroline Schools,4-year adjusted cohort,88.69,345,389,20200117
2018,05,Caroline,A,All Caroline Schools,3-year adjusted cohort,<= 5.00,*,394,20200117
2018,06,Carroll,0202,Francis Scott Key High,5-year adjusted cohort,>= 95.00,*,210,20200117
2018,06,Carroll,0202,Francis Scott Key High,4-year adjusted cohort,>= 95.00,*,212,20200117
2018,06,Carroll,0202,Francis Scott Key High,3-year adjusted cohort,<= 5.00,*,220,20200117
2018,06,Carroll,0507,Liberty High,5-year adjusted cohort,>= 95.00,*,306,20200117
2018,06,Carroll,0507,Liberty High,4-year adjusted cohort,>= 95.00,*,308,20200117
2018,06,Carroll,0507,Liberty High,3-year adjusted cohort,<= 5.00,*,310,20200117
2018,06,Carroll,0510,Century High,5-year adjusted cohort,>= 95.00,*,271,20200117
2018,06,Carroll,0510,Century High,4-year adjusted cohort,>= 95.00,*,272,20200117
2018,06,Carroll,0510,Century High,3-year adjusted cohort,<= 5.00,*,265,20200117
2018,06,Carroll,0602,Manchester Valley High,5-year adjusted cohort,>= 95.00,*,363,20200117
2018,06,Carroll,0602,Manchester Valley High,4-year adjusted cohort,>= 95.00,*,367,20200117
2018,06,Carroll,0602,Manchester Valley High,3-year adjusted cohort,<= 5.00,*,368,20200117
2018,06,Carroll,0704,Winters Mill High,5-year adjusted cohort,>= 95.00,*,270,20200117
2018,06,Carroll,0704,Winters Mill High,4-year adjusted cohort,94.49,257,272,20200117
2018,06,Carroll,0704,Winters Mill High,3-year adjusted cohort,<= 5.00,*,267,20200117
2018,06,Carroll,0707,Westminster High,5-year adjusted cohort,>= 95.00,*,378,20200117
2018,06,Carroll,0707,Westminster High,4-year adjusted cohort,>= 95.00,*,381,20200117
2018,06,Carroll,0707,Westminster High,3-year adjusted cohort,<= 5.00,*,387,20200117
2018,06,Carroll,0712,Carroll Springs School,3-year adjusted cohort,*,*,*,20200117
2018,06,Carroll,0716,Gateway School,5-year adjusted cohort,63.33,19,30,20200117
2018,06,Carroll,0716,Gateway School,4-year adjusted cohort,56.67,17,30,20200117
2018,06,Carroll,0716,Gateway School,3-year adjusted cohort,<= 5.00,*,25,20200117
2018,06,Carroll,0717,Post Secondary Program,5-year adjusted cohort,<= 5.00,*,16,20200117
2018,06,Carroll,0903,Flexible Student Support,5-year adjusted cohort,89.83,53,59,20200117
2018,06,Carroll,0903,Flexible Student Support,4-year adjusted cohort,85.96,49,57,20200117
2018,06,Carroll,0903,Flexible Student Support,3-year adjusted cohort,25.00,4,16,20200117
2018,06,Carroll,1401,South Carroll High,5-year adjusted cohort,>= 95.00,*,271,20200117
2018,06,Carroll,1401,South Carroll High,4-year adjusted cohort,>= 95.00,*,273,20200117
2018,06,Carroll,1401,South Carroll High,3-year adjusted cohort,<= 5.00,*,267,20200117
2018,06,Carroll,A,All Carroll Schools,5-year adjusted cohort,>= 95.00,*,2174,20200117
2018,06,Carroll,A,All Carroll Schools,4-year adjusted cohort,>= 95.00,*,2172,20200117
2018,06,Carroll,A,All Carroll Schools,3-year adjusted cohort,<= 5.00,*,2126,20200117
2018,07,Cecil,0204,Bohemia Manor High,5-year adjusted cohort,94.59,140,148,20200117
2018,07,Cecil,0204,Bohemia Manor High,4-year adjusted cohort,94.56,139,147,20200117
2018,07,Cecil,0204,Bohemia Manor High,3-year adjusted cohort,<= 5.00,*,147,20200117
2018,07,Cecil,0302,Elkton High,5-year adjusted cohort,89.96,224,249,20200117
2018,07,Cecil,0302,Elkton High,4-year adjusted cohort,89.47,221,247,20200117
2018,07,Cecil,0302,Elkton High,3-year adjusted cohort,<= 5.00,*,240,20200117
2018,07,Cecil,0514,North East High,5-year adjusted cohort,90.11,246,273,20200117
2018,07,Cecil,0514,North East High,4-year adjusted cohort,88.64,242,273,20200117
2018,07,Cecil,0514,North East High,3-year adjusted cohort,<= 5.00,*,278,20200117
2018,07,Cecil,0705,Perryville High,5-year adjusted cohort,88.72,173,195,20200117
2018,07,Cecil,0705,Perryville High,4-year adjusted cohort,87.18,170,195,20200117
2018,07,Cecil,0705,Perryville High,3-year adjusted cohort,<= 5.00,*,192,20200117
2018,07,Cecil,0905,Rising Sun High,5-year adjusted cohort,>= 95.00,*,292,20200117
2018,07,Cecil,0905,Rising Sun High,4-year adjusted cohort,>= 95.00,*,292,20200117
2018,07,Cecil,0905,Rising Sun High,3-year adjusted cohort,<= 5.00,*,292,20200117
2018,07,Cecil,A,All Cecil Schools,5-year adjusted cohort,92.05,1065,1157,20200117
2018,07,Cecil,A,All Cecil Schools,4-year adjusted cohort,91.25,1053,1154,20200117
2018,07,Cecil,A,All Cecil Schools,3-year adjusted cohort,<= 5.00,*,1149,20200117
2018,08,Charles,0106,La Plata High School,5-year adjusted cohort,>= 95.00,*,291,20200117
2018,08,Charles,0106,La Plata High School,4-year adjusted cohort,>= 95.00,*,291,20200117
2018,08,Charles,0106,La Plata High School,3-year adjusted cohort,<= 5.00,*,275,20200117
2018,08,Charles,0108,Maurice J. McDonough High School,5-year adjusted cohort,89.52,222,248,20200117
2018,08,Charles,0108,Maurice J. McDonough High School,4-year adjusted cohort,86.35,215,249,20200117
2018,08,Charles,0108,Maurice J. McDonough High School,3-year adjusted cohort,<= 5.00,*,243,20200117
2018,08,Charles,0605,Thomas Stone High School,5-year adjusted cohort,91.20,259,284,20200117
2018,08,Charles,0605,Thomas Stone High School,4-year adjusted cohort,90.39,254,281,20200117
2018,08,Charles,0605,Thomas Stone High School,3-year adjusted cohort,<= 5.00,*,278,20200117
2018,08,Charles,0619,Westlake High School,5-year adjusted cohort,>= 95.00,*,321,20200117
2018,08,Charles,0619,Westlake High School,4-year adjusted cohort,94.98,303,319,20200117
2018,08,Charles,0619,Westlake High School,3-year adjusted cohort,<= 5.00,*,295,20200117
2018,08,Charles,0623,North Point High School,5-year adjusted cohort,>= 95.00,*,460,20200117
2018,08,Charles,0623,North Point High School,4-year adjusted cohort,>= 95.00,*,463,20200117
2018,08,Charles,0623,North Point High School,3-year adjusted cohort,<= 5.00,*,462,20200117
2018,08,Charles,0708,Robert D. Stethem Educational Center,5-year adjusted cohort,*,*,*,20200117
2018,08,Charles,0708,Robert D. Stethem Educational Center,4-year adjusted cohort,*,*,*,20200117
2018,08,Charles,0708,Robert D. Stethem Educational Center,3-year adjusted cohort,<= 5.00,*,32,20200117
2018,08,Charles,0802,St. Charles High School,5-year adjusted cohort,94.99,322,339,20200117
2018,08,Charles,0802,St. Charles High School,4-year adjusted cohort,>= 95.00,*,334,20200117
2018,08,Charles,0802,St. Charles High School,3-year adjusted cohort,<= 5.00,*,323,20200117
2018,08,Charles,1002,Henry E. Lackey High School,5-year adjusted cohort,92.05,220,239,20200117
2018,08,Charles,1002,Henry E. Lackey High School,4-year adjusted cohort,91.56,217,237,20200117
2018,08,Charles,1002,Henry E. Lackey High School,3-year adjusted cohort,<= 5.00,*,228,20200117
2018,08,Charles,A,All Charles Schools,5-year adjusted cohort,94.46,2062,2183,20200117
2018,08,Charles,A,All Charles Schools,4-year adjusted cohort,93.47,2034,2176,20200117
2018,08,Charles,A,All Charles Schools,3-year adjusted cohort,<= 5.00,*,2136,20200117
2018,09,Dorchester,0207,North Dorchester High School,5-year adjusted cohort,86.05,111,129,20200117
2018,09,Dorchester,0207,North Dorchester High School,4-year adjusted cohort,86.05,111,129,20200117
2018,09,Dorchester,0207,North Dorchester High School,3-year adjusted cohort,<= 5.00,*,130,20200117
2018,09,Dorchester,0713,Cambridge-South Dorchester High School,5-year adjusted cohort,79.79,154,193,20200117
2018,09,Dorchester,0713,Cambridge-South Dorchester High School,4-year adjusted cohort,78.76,152,193,20200117
2018,09,Dorchester,0713,Cambridge-South Dorchester High School,3-year adjusted cohort,<= 5.00,*,196,20200117
2018,09,Dorchester,A,All Dorchester Schools,5-year adjusted cohort,82.30,265,322,20200117
2018,09,Dorchester,A,All Dorchester Schools,4-year adjusted cohort,81.68,263,322,20200117
2018,09,Dorchester,A,All Dorchester Schools,3-year adjusted cohort,<= 5.00,*,326,20200117
2018,10,Frederick,0100,Frederick County Virtual School,5-year adjusted cohort,*,*,*,20200117
2018,10,Frederick,0100,Frederick County Virtual School,4-year adjusted cohort,*,*,*,20200117
2018,10,Frederick,0208,Heather Ridge High School,5-year adjusted cohort,*,*,*,20200117
2018,10,Frederick,0208,Heather Ridge High School,4-year adjusted cohort,*,*,*,20200117
2018,10,Frederick,0209,Frederick High,5-year adjusted cohort,84.33,323,383,20200117
2018,10,Frederick,0209,Frederick High,4-year adjusted cohort,79.58,304,382,20200117
2018,10,Frederick,0209,Frederick High,3-year adjusted cohort,<= 5.00,*,372,20200117
2018,10,Frederick,0213,Gov. Thomas Johnson High,5-year adjusted cohort,84.81,307,362,20200117
2018,10,Frederick,0213,Gov. Thomas Johnson High,4-year adjusted cohort,81.99,296,361,20200117
2018,10,Frederick,0213,Gov. Thomas Johnson High,3-year adjusted cohort,<= 5.00,*,343,20200117
2018,10,Frederick,0313,Middletown High,5-year adjusted cohort,>= 95.00,*,298,20200117
2018,10,Frederick,0313,Middletown High,4-year adjusted cohort,>= 95.00,*,297,20200117
2018,10,Frederick,0313,Middletown High,3-year adjusted cohort,<= 5.00,*,293,20200117
2018,10,Frederick,0713,Urbana High,5-year adjusted cohort,>= 95.00,*,422,20200117
2018,10,Frederick,0713,Urbana High,4-year adjusted cohort,>= 95.00,*,423,20200117
2018,10,Frederick,0713,Urbana High,3-year adjusted cohort,<= 5.00,*,421,20200117
2018,10,Frederick,0912,Linganore High,5-year adjusted cohort,>= 95.00,*,329,20200117
2018,10,Frederick,0912,Linganore High,4-year adjusted cohort,>= 95.00,*,330,20200117
2018,10,Frederick,0912,Linganore High,3-year adjusted cohort,<= 5.00,*,323,20200117
2018,10,Frederick,0920,Oakdale High,5-year adjusted cohort,>= 95.00,*,305,20200117
2018,10,Frederick,0920,Oakdale High,4-year adjusted cohort,>= 95.00,*,304,20200117
2018,10,Frederick,0920,Oakdale High,3-year adjusted cohort,<= 5.00,*,305,20200117
2018,10,Frederick,1509,Catoctin High,5-year adjusted cohort,94.86,203,214,20200117
2018,10,Frederick,1509,Catoctin High,4-year adjusted cohort,94.34,200,212,20200117
2018,10,Frederick,1509,Catoctin High,3-year adjusted cohort,<= 5.00,*,217,20200117
2018,10,Frederick,2307,Tuscarora High,5-year adjusted cohort,93.94,341,363,20200117
2018,10,Frederick,2307,Tuscarora High,4-year adjusted cohort,93.37,338,362,20200117
2018,10,Frederick,2307,Tuscarora High,3-year adjusted cohort,<= 5.00,*,365,20200117
2018,10,Frederick,2404,Rock Creek School,5-year adjusted cohort,*,*,*,20200117
2018,10,Frederick,2404,Rock Creek School,4-year adjusted cohort,*,*,*,20200117
2018,10,Frederick,2404,Rock Creek School,3-year adjusted cohort,*,*,*,20200117
2018,10,Frederick,2503,Brunswick High,5-year adjusted cohort,94.12,192,204,20200117
2018,10,Frederick,2503,Brunswick High,4-year adjusted cohort,93.66,192,205,20200117
2018,10,Frederick,2503,Brunswick High,3-year adjusted cohort,<= 5.00,*,213,20200117
2018,10,Frederick,2610,Walkersville High,5-year adjusted cohort,>= 95.00,*,261,20200117
2018,10,Frederick,2610,Walkersville High,4-year adjusted cohort,>= 95.00,*,260,20200117
2018,10,Frederick,2610,Walkersville High,3-year adjusted cohort,<= 5.00,*,257,20200117
2018,10,Frederick,A,All Frederick Schools,5-year adjusted cohort,94.08,2970,3157,20200117
2018,10,Frederick,A,All Frederick Schools,4-year adjusted cohort,92.49,2918,3155,20200117
2018,10,Frederick,A,All Frederick Schools,3-year adjusted cohort,<= 5.00,*,3115,20200117
2018,11,Garrett,0512,Northern Garrett High School,5-year adjusted cohort,90.65,97,107,20200117
2018,11,Garrett,0512,Northern Garrett High School,4-year adjusted cohort,89.72,96,107,20200117
2018,11,Garrett,0512,Northern Garrett High School,3-year adjusted cohort,<= 5.00,*,105,20200117
2018,11,Garrett,0709,Southern Garrett High School,5-year adjusted cohort,90.06,163,181,20200117
2018,11,Garrett,0709,Southern Garrett High School,4-year adjusted cohort,90.06,163,181,20200117
2018,11,Garrett,0709,Southern Garrett High School,3-year adjusted cohort,<= 5.00,*,178,20200117
2018,11,Garrett,A,All Garrett Schools,5-year adjusted cohort,90.28,260,288,20200117
2018,11,Garrett,A,All Garrett Schools,4-year adjusted cohort,89.93,259,288,20200117
2018,11,Garrett,A,All Garrett Schools,3-year adjusted cohort,<= 5.00,*,283,20200117
2018,12,Harford,0176,Edgewood High,5-year adjusted cohort,85.50,289,338,20200117
2018,12,Harford,0176,Edgewood High,4-year adjusted cohort,80.99,277,342,20200117
2018,12,Harford,0176,Edgewood High,3-year adjusted cohort,<= 5.00,*,329,20200117
2018,12,Harford,0181,Joppatowne High,5-year adjusted cohort,80.39,123,153,20200117
2018,12,Harford,0181,Joppatowne High,4-year adjusted cohort,78.15,118,151,20200117
2018,12,Harford,0181,Joppatowne High,3-year adjusted cohort,<= 5.00,*,154,20200117
2018,12,Harford,0187,Patterson Mill High School,5-year adjusted cohort,>= 95.00,*,219,20200117
2018,12,Harford,0187,Patterson Mill High School,4-year adjusted cohort,>= 95.00,*,217,20200117
2018,12,Harford,0187,Patterson Mill High School,3-year adjusted cohort,<= 5.00,*,214,20200117
2018,12,Harford,0270,Aberdeen High,5-year adjusted cohort,87.47,314,359,20200117
2018,12,Harford,0270,Aberdeen High,4-year adjusted cohort,83.43,302,362,20200117
2018,12,Harford,0270,Aberdeen High,3-year adjusted cohort,<= 5.00,*,366,20200117
2018,12,Harford,0292,Center for Educational Opportunity,5-year adjusted cohort,40.48,17,42,20200117
2018,12,Harford,0292,Center for Educational Opportunity,4-year adjusted cohort,35.71,15,42,20200117
2018,12,Harford,0292,Center for Educational Opportunity,3-year adjusted cohort,<= 5.00,*,37,20200117
2018,12,Harford,0304,Harford Technical High,5-year adjusted cohort,93.33,224,240,20200117
2018,12,Harford,0304,Harford Technical High,4-year adjusted cohort,92.56,224,242,20200117
2018,12,Harford,0304,Harford Technical High,3-year adjusted cohort,<= 5.00,*,244,20200117
2018,12,Harford,0373,Bel Air High,5-year adjusted cohort,94.50,378,400,20200117
2018,12,Harford,0373,Bel Air High,4-year adjusted cohort,93.56,378,404,20200117
2018,12,Harford,0373,Bel Air High,3-year adjusted cohort,<= 5.00,*,400,20200117
2018,12,Harford,0382,Fallston High,5-year adjusted cohort,>= 95.00,*,272,20200117
2018,12,Harford,0382,Fallston High,4-year adjusted cohort,>= 95.00,*,275,20200117
2018,12,Harford,0382,Fallston High,3-year adjusted cohort,<= 5.00,*,272,20200117
2018,12,Harford,0385,C. Milton Wright High,5-year adjusted cohort,>= 95.00,*,384,20200117
2018,12,Harford,0385,C. Milton Wright High,4-year adjusted cohort,>= 95.00,*,384,20200117
2018,12,Harford,0385,C. Milton Wright High,3-year adjusted cohort,<= 5.00,*,377,20200117
2018,12,Harford,0391,John Archer School,5-year adjusted cohort,<= 5.00,*,19,20200117
2018,12,Harford,0391,John Archer School,4-year adjusted cohort,<= 5.00,*,12,20200117
2018,12,Harford,0391,John Archer School,3-year adjusted cohort,<= 5.00,*,11,20200117
2018,12,Harford,0580,North Harford High,5-year adjusted cohort,93.77,286,305,20200117
2018,12,Harford,0580,North Harford High,4-year adjusted cohort,91.80,280,305,20200117
2018,12,Harford,0580,North Harford High,3-year adjusted cohort,<= 5.00,*,309,20200117
2018,12,Harford,0678,Havre de Grace High,5-year adjusted cohort,94.27,148,157,20200117
2018,12,Harford,0678,Havre de Grace High,4-year adjusted cohort,92.99,146,157,20200117
2018,12,Harford,0678,Havre de Grace High,3-year adjusted cohort,<= 5.00,*,159,20200117
2018,12,Harford,A,All Harford Schools,5-year adjusted cohort,91.00,2628,2888,20200117
2018,12,Harford,A,All Harford Schools,4-year adjusted cohort,89.22,2581,2893,20200117
2018,12,Harford,A,All Harford Schools,3-year adjusted cohort,<= 5.00,*,2872,20200117
2018,13,Howard,0080,Homewood School,5-year adjusted cohort,54.35,25,46,20200117
2018,13,Howard,0080,Homewood School,4-year adjusted cohort,36.36,16,44,20200117
2018,13,Howard,0080,Homewood School,3-year adjusted cohort,<= 5.00,*,41,20200117
2018,13,Howard,0203,Howard High,5-year adjusted cohort,>= 95.00,*,471,20200117
2018,13,Howard,0203,Howard High,4-year adjusted cohort,>= 95.00,*,471,20200117
2018,13,Howard,0203,Howard High,3-year adjusted cohort,<= 5.00,*,466,20200117
2018,13,Howard,0207,Mount Hebron High,5-year adjusted cohort,>= 95.00,*,388,20200117
2018,13,Howard,0207,Mount Hebron High,4-year adjusted cohort,94.60,368,389,20200117
2018,13,Howard,0207,Mount Hebron High,3-year adjusted cohort,<= 5.00,*,390,20200117
2018,13,Howard,0214,Centennial High,5-year adjusted cohort,>= 95.00,*,391,20200117
2018,13,Howard,0214,Centennial High,4-year adjusted cohort,>= 95.00,*,393,20200117
2018,13,Howard,0214,Centennial High,3-year adjusted cohort,<= 5.00,*,386,20200117
2018,13,Howard,0308,Marriotts Ridge High,5-year adjusted cohort,>= 95.00,*,302,20200117
2018,13,Howard,0308,Marriotts Ridge High,4-year adjusted cohort,>= 95.00,*,300,20200117
2018,13,Howard,0308,Marriotts Ridge High,3-year adjusted cohort,<= 5.00,*,294,20200117
2018,13,Howard,0404,Glenelg High,5-year adjusted cohort,94.64,265,280,20200117
2018,13,Howard,0404,Glenelg High,4-year adjusted cohort,93.93,263,280,20200117
2018,13,Howard,0404,Glenelg High,3-year adjusted cohort,<= 5.00,*,279,20200117
2018,13,Howard,0509,Atholton High,5-year adjusted cohort,>= 95.00,*,358,20200117
2018,13,Howard,0509,Atholton High,4-year adjusted cohort,>= 95.00,*,358,20200117
2018,13,Howard,0509,Atholton High,3-year adjusted cohort,<= 5.00,*,355,20200117
2018,13,Howard,0516,Wilde Lake High,5-year adjusted cohort,85.94,269,313,20200117
2018,13,Howard,0516,Wilde Lake High,4-year adjusted cohort,83.55,259,310,20200117
2018,13,Howard,0516,Wilde Lake High,3-year adjusted cohort,<= 5.00,*,307,20200117
2018,13,Howard,0522,Cedar Lane Special Center,5-year adjusted cohort,<= 5.00,*,11,20200117
2018,13,Howard,0522,Cedar Lane Special Center,4-year adjusted cohort,<= 5.00,*,10,20200117
2018,13,Howard,0522,Cedar Lane Special Center,3-year adjusted cohort,<= 5.00,*,10,20200117
2018,13,Howard,0524,River Hill High,5-year adjusted cohort,>= 95.00,*,311,20200117
2018,13,Howard,0524,River Hill High,4-year adjusted cohort,>= 95.00,*,311,20200117
2018,13,Howard,0524,River Hill High,3-year adjusted cohort,<= 5.00,*,311,20200117
2018,13,Howard,0527,Reservoir High,5-year adjusted cohort,>= 95.00,*,370,20200117
2018,13,Howard,0527,Reservoir High,4-year adjusted cohort,93.24,345,370,20200117
2018,13,Howard,0527,Reservoir High,3-year adjusted cohort,<= 5.00,*,362,20200117
2018,13,Howard,0611,Oakland Mills High,5-year adjusted cohort,88.61,249,281,20200117
2018,13,Howard,0611,Oakland Mills High,4-year adjusted cohort,85.11,240,282,20200117
2018,13,Howard,0611,Oakland Mills High,3-year adjusted cohort,<= 5.00,*,294,20200117
2018,13,Howard,0619,Hammond High,5-year adjusted cohort,92.58,287,310,20200117
2018,13,Howard,0619,Hammond High,4-year adjusted cohort,91.29,283,310,20200117
2018,13,Howard,0619,Hammond High,3-year adjusted cohort,<= 5.00,*,312,20200117
2018,13,Howard,0623,Long Reach High,5-year adjusted cohort,88.30,347,393,20200117
2018,13,Howard,0623,Long Reach High,4-year adjusted cohort,84.85,336,396,20200117
2018,13,Howard,0623,Long Reach High,3-year adjusted cohort,<= 5.00,*,382,20200117
2018,13,Howard,A,All Howard Schools,5-year adjusted cohort,93.59,3954,4225,20200117
2018,13,Howard,A,All Howard Schools,4-year adjusted cohort,91.95,3884,4224,20200117
2018,13,Howard,A,All Howard Schools,3-year adjusted cohort,<= 5.00,*,4189,20200117
2018,14,Kent,0301,Kent County High,5-year adjusted cohort,93.46,143,153,20200117
2018,14,Kent,0301,Kent County High,4-year adjusted cohort,93.46,143,153,20200117
2018,14,Kent,0301,Kent County High,3-year adjusted cohort,<= 5.00,*,152,20200117
2018,14,Kent,A,All Kent Schools,5-year adjusted cohort,93.46,143,153,20200117
2018,14,Kent,A,All Kent Schools,4-year adjusted cohort,93.46,143,153,20200117
2018,14,Kent,A,All Kent Schools,3-year adjusted cohort,<= 5.00,*,152,20200117
2018,15,Montgomery,0104,Seneca Valley High,5-year adjusted cohort,88.10,274,311,20200117
2018,15,Montgomery,0104,Seneca Valley High,4-year adjusted cohort,85.03,267,314,20200117
2018,15,Montgomery,0104,Seneca Valley High,3-year adjusted cohort,<= 5.00,*,319,20200117
2018,15,Montgomery,0125,Quince Orchard High,5-year adjusted cohort,93.81,455,485,20200117
2018,15,Montgomery,0125,Quince Orchard High,4-year adjusted cohort,92.36,447,484,20200117
2018,15,Montgomery,0125,Quince Orchard High,3-year adjusted cohort,<= 5.00,*,470,20200117
2018,15,Montgomery,0152,Poolesville High,5-year adjusted cohort,>= 95.00,*,314,20200117
2018,15,Montgomery,0152,Poolesville High,4-year adjusted cohort,>= 95.00,*,314,20200117
2018,15,Montgomery,0152,Poolesville High,3-year adjusted cohort,<= 5.00,*,311,20200117
2018,15,Montgomery,0201,Richard Montgomery High,5-year adjusted cohort,92.96,568,611,20200117
2018,15,Montgomery,0201,Richard Montgomery High,4-year adjusted cohort,91.31,557,610,20200117
2018,15,Montgomery,0201,Richard Montgomery High,3-year adjusted cohort,<= 5.00,*,599,20200117
2018,15,Montgomery,0230,Rockville High,5-year adjusted cohort,89.43,330,369,20200117
2018,15,Montgomery,0230,Rockville High,4-year adjusted cohort,85.33,314,368,20200117
2018,15,Montgomery,0230,Rockville High,3-year adjusted cohort,<= 5.00,*,370,20200117
2018,15,Montgomery,0234,Thomas S. Wootton High,5-year adjusted cohort,>= 95.00,*,535,20200117
2018,15,Montgomery,0234,Thomas S. Wootton High,4-year adjusted cohort,>= 95.00,*,537,20200117
2018,15,Montgomery,0234,Thomas S. Wootton High,3-year adjusted cohort,<= 5.00,*,536,20200117
2018,15,Montgomery,0239,Alternative Programs,5-year adjusted cohort,46.88,30,64,20200117
2018,15,Montgomery,0239,Alternative Programs,4-year adjusted cohort,40.74,22,54,20200117
2018,15,Montgomery,0239,Alternative Programs,3-year adjusted cohort,10.00,4,40,20200117
2018,15,Montgomery,0246,Northwest High,5-year adjusted cohort,>= 95.00,*,622,20200117
2018,15,Montgomery,0246,Northwest High,4-year adjusted cohort,94.86,591,623,20200117
2018,15,Montgomery,0246,Northwest High,3-year adjusted cohort,<= 5.00,*,615,20200117
2018,15,Montgomery,0249,Clarksburg High,5-year adjusted cohort,>= 95.00,*,501,20200117
2018,15,Montgomery,0249,Clarksburg High,4-year adjusted cohort,93.23,468,502,20200117
2018,15,Montgomery,0249,Clarksburg High,3-year adjusted cohort,<= 5.00,*,504,20200117
2018,15,Montgomery,0315,Paint Branch High,5-year adjusted cohort,88.65,445,502,20200117
2018,15,Montgomery,0315,Paint Branch High,4-year adjusted cohort,87.90,443,504,20200117
2018,15,Montgomery,0315,Paint Branch High,3-year adjusted cohort,<= 5.00,*,504,20200117
2018,15,Montgomery,0321,James Hubert Blake High,5-year adjusted cohort,91.95,354,385,20200117
2018,15,Montgomery,0321,James Hubert Blake High,4-year adjusted cohort,91.64,351,383,20200117
2018,15,Montgomery,0321,James Hubert Blake High,3-year adjusted cohort,<= 5.00,*,383,20200117
2018,15,Montgomery,0406,Bethesda-Chevy Chase High,5-year adjusted cohort,>= 95.00,*,526,20200117
2018,15,Montgomery,0406,Bethesda-Chevy Chase High,4-year adjusted cohort,94.90,502,529,20200117
2018,15,Montgomery,0406,Bethesda-Chevy Chase High,3-year adjusted cohort,<= 5.00,*,526,20200117
2018,15,Montgomery,0424,Walter Johnson High,5-year adjusted cohort,>= 95.00,*,585,20200117
2018,15,Montgomery,0424,Walter Johnson High,4-year adjusted cohort,93.86,550,586,20200117
2018,15,Montgomery,0424,Walter Johnson High,3-year adjusted cohort,<= 5.00,*,580,20200117
2018,15,Montgomery,0427,Walt Whitman High,5-year adjusted cohort,>= 95.00,*,488,20200117
2018,15,Montgomery,0427,Walt Whitman High,4-year adjusted cohort,>= 95.00,*,490,20200117
2018,15,Montgomery,0427,Walt Whitman High,3-year adjusted cohort,<= 5.00,*,482,20200117
2018,15,Montgomery,0503,Sherwood High,5-year adjusted cohort,93.16,422,453,20200117
2018,15,Montgomery,0503,Sherwood High,4-year adjusted cohort,90.37,413,457,20200117
2018,15,Montgomery,0503,Sherwood High,3-year adjusted cohort,<= 5.00,*,457,20200117
2018,15,Montgomery,0510,Col. Zadok Magruder High,5-year adjusted cohort,89.72,358,399,20200117
2018,15,Montgomery,0510,Col. Zadok Magruder High,4-year adjusted cohort,86.65,344,397,20200117
2018,15,Montgomery,0510,Col. Zadok Magruder High,3-year adjusted cohort,<= 5.00,*,381,20200117
2018,15,Montgomery,0525,MCPS Transitions School,5-year adjusted cohort,<= 5.00,*,15,20200117
2018,15,Montgomery,0525,MCPS Transitions School,4-year adjusted cohort,*,*,*,20200117
2018,15,Montgomery,0545,Watkins Mill High,5-year adjusted cohort,85.75,349,407,20200117
2018,15,Montgomery,0545,Watkins Mill High,4-year adjusted cohort,79.32,326,411,20200117
2018,15,Montgomery,0545,Watkins Mill High,3-year adjusted cohort,<= 5.00,*,406,20200117
2018,15,Montgomery,0551,Gaithersburg High,5-year adjusted cohort,77.26,452,585,20200117
2018,15,Montgomery,0551,Gaithersburg High,4-year adjusted cohort,74.02,436,589,20200117
2018,15,Montgomery,0551,Gaithersburg High,3-year adjusted cohort,<= 5.00,*,598,20200117
2018,15,Montgomery,0602,Winston Churchill High,5-year adjusted cohort,>= 95.00,*,486,20200117
2018,15,Montgomery,0602,Winston Churchill High,4-year adjusted cohort,>= 95.00,*,488,20200117
2018,15,Montgomery,0602,Winston Churchill High,3-year adjusted cohort,<= 5.00,*,476,20200117
2018,15,Montgomery,0701,Damascus High,5-year adjusted cohort,90.55,297,328,20200117
2018,15,Montgomery,0701,Damascus High,4-year adjusted cohort,90.18,294,326,20200117
2018,15,Montgomery,0701,Damascus High,3-year adjusted cohort,<= 5.00,*,321,20200117
2018,15,Montgomery,0757,Montgomery Blair High,5-year adjusted cohort,89.87,692,770,20200117
2018,15,Montgomery,0757,Montgomery Blair High,4-year adjusted cohort,86.72,666,768,20200117
2018,15,Montgomery,0757,Montgomery Blair High,3-year adjusted cohort,<= 5.00,*,758,20200117
2018,15,Montgomery,0782,Wheaton High,5-year adjusted cohort,80.93,348,430,20200117
2018,15,Montgomery,0782,Wheaton High,4-year adjusted cohort,77.16,331,429,20200117
2018,15,Montgomery,0782,Wheaton High,3-year adjusted cohort,<= 5.00,*,431,20200117
2018,15,Montgomery,0789,Albert Einstein High,5-year adjusted cohort,87.15,400,459,20200117
2018,15,Montgomery,0789,Albert Einstein High,4-year adjusted cohort,83.69,390,466,20200117
2018,15,Montgomery,0789,Albert Einstein High,3-year adjusted cohort,<= 5.00,*,452,20200117
2018,15,Montgomery,0796,Northwood High School,5-year adjusted cohort,83.37,346,415,20200117
2018,15,Montgomery,0796,Northwood High School,4-year adjusted cohort,80.63,333,413,20200117
2018,15,Montgomery,0796,Northwood High School,3-year adjusted cohort,<= 5.00,*,421,20200117
2018,15,Montgomery,0798,Springbrook High,5-year adjusted cohort,88.09,414,470,20200117
2018,15,Montgomery,0798,Springbrook High,4-year adjusted cohort,85.38,403,472,20200117
2018,15,Montgomery,0798,Springbrook High,3-year adjusted cohort,<= 5.00,*,472,20200117
2018,15,Montgomery,0799,Stephen Knolls School,5-year adjusted cohort,*,*,*,20200117
2018,15,Montgomery,0799,Stephen Knolls School,4-year adjusted cohort,*,*,*,20200117
2018,15,Montgomery,0799,Stephen Knolls School,3-year adjusted cohort,*,*,*,20200117
2018,15,Montgomery,0815,John F. Kennedy High,5-year adjusted cohort,84.74,361,426,20200117
2018,15,Montgomery,0815,John F. Kennedy High,4-year adjusted cohort,81.69,348,426,20200117
2018,15,Montgomery,0815,John F. Kennedy High,3-year adjusted cohort,<= 5.00,*,421,20200117
2018,15,Montgomery,0916,Rock Terrace School,5-year adjusted cohort,<= 5.00,*,12,20200117
2018,15,Montgomery,0916,Rock Terrace School,4-year adjusted cohort,*,*,*,20200117
2018,15,Montgomery,0916,Rock Terrace School,3-year adjusted cohort,*,*,*,20200117
2018,15,Montgomery,0951,Longview School,5-year adjusted cohort,*,*,*,20200117
2018,15,Montgomery,0951,Longview School,4-year adjusted cohort,*,*,*,20200117
2018,15,Montgomery,0951,Longview School,3-year adjusted cohort,*,*,*,20200117
2018,15,Montgomery,0965,John L Gildner Regional Inst for Children & Adol,5-year adjusted cohort,80.00,12,15,20200117
2018,15,Montgomery,0965,John L Gildner Regional Inst for Children & Adol,4-year adjusted cohort,64.29,9,14,20200117
2018,15,Montgomery,0965,John L Gildner Regional Inst for Children & Adol,3-year adjusted cohort,<= 5.00,*,22,20200117
2018,15,Montgomery,A,All Montgomery Schools,5-year adjusted cohort,90.56,10844,11974,20200117
2018,15,Montgomery,A,All Montgomery Schools,4-year adjusted cohort,88.35,10576,11970,20200117
2018,15,Montgomery,A,All Montgomery Schools,3-year adjusted cohort,<= 5.00,*,11867,20200117
2018,16,Prince George's,0102,High Point High,5-year adjusted cohort,67.18,526,783,20200117
2018,16,Prince George's,0102,High Point High,4-year adjusted cohort,64.87,517,797,20200117
2018,16,Prince George's,0102,High Point High,3-year adjusted cohort,<= 5.00,*,825,20200117
2018,16,Prince George's,0108,James E. Duckworth Regional Center,5-year adjusted cohort,*,*,*,20200117
2018,16,Prince George's,0108,James E. Duckworth Regional Center,4-year adjusted cohort,*,*,*,20200117
2018,16,Prince George's,0108,James E. Duckworth Regional Center,3-year adjusted cohort,*,*,*,20200117
2018,16,Prince George's,0208,Bladensburg High,5-year adjusted cohort,66.46,315,474,20200117
2018,16,Prince George's,0208,Bladensburg High,4-year adjusted cohort,61.52,307,499,20200117
2018,16,Prince George's,0208,Bladensburg High,3-year adjusted cohort,<= 5.00,*,540,20200117
2018,16,Prince George's,0216,Annapolis Road Academy,5-year adjusted cohort,<= 5.00,*,23,20200117
2018,16,Prince George's,0216,Annapolis Road Academy,4-year adjusted cohort,<= 5.00,*,23,20200117
2018,16,Prince George's,0216,Annapolis Road Academy,3-year adjusted cohort,<= 5.00,*,30,20200117
2018,16,Prince George's,0303,Croom High,5-year adjusted cohort,77.11,64,83,20200117
2018,16,Prince George's,0303,Croom High,4-year adjusted cohort,50.00,28,56,20200117
2018,16,Prince George's,0303,Croom High,3-year adjusted cohort,9.52,2,21,20200117
2018,16,Prince George's,0511,Friendly High,5-year adjusted cohort,87.31,172,197,20200117
2018,16,Prince George's,0511,Friendly High,4-year adjusted cohort,82.93,170,205,20200117
2018,16,Prince George's,0511,Friendly High,3-year adjusted cohort,<= 5.00,*,203,20200117
2018,16,Prince George's,0603,Suitland High,5-year adjusted cohort,80.24,398,496,20200117
2018,16,Prince George's,0603,Suitland High,4-year adjusted cohort,76.74,396,516,20200117
2018,16,Prince George's,0603,Suitland High,3-year adjusted cohort,<= 5.00,*,534,20200117
2018,16,Prince George's,0608,Green Valley Academy at Edgar Allan Poe,5-year adjusted cohort,<= 5.00,*,18,20200117
2018,16,Prince George's,0608,Green Valley Academy at Edgar Allan Poe,4-year adjusted cohort,<= 5.00,*,21,20200117
2018,16,Prince George's,0608,Green Valley Academy at Edgar Allan Poe,3-year adjusted cohort,<= 5.00,*,21,20200117
2018,16,Prince George's,0705,Tall Oaks High,5-year adjusted cohort,72.92,70,96,20200117
2018,16,Prince George's,0705,Tall Oaks High,4-year adjusted cohort,55.26,42,76,20200117
2018,16,Prince George's,0705,Tall Oaks High,3-year adjusted cohort,<= 5.00,*,45,20200117
2018,16,Prince George's,0723,C. Elizabeth Rieg Regional Center,5-year adjusted cohort,*,*,*,20200117
2018,16,Prince George's,0723,C. Elizabeth Rieg Regional Center,4-year adjusted cohort,*,*,*,20200117
2018,16,Prince George's,0723,C. Elizabeth Rieg Regional Center,3-year adjusted cohort,*,*,*,20200117
2018,16,Prince George's,0908,Surrattsville High,5-year adjusted cohort,92.66,164,177,20200117
2018,16,Prince George's,0908,Surrattsville High,4-year adjusted cohort,90.56,163,180,20200117
2018,16,Prince George's,0908,Surrattsville High,3-year adjusted cohort,<= 5.00,*,176,20200117
2018,16,Prince George's,1008,Laurel High,5-year adjusted cohort,83.50,425,509,20200117
2018,16,Prince George's,1008,Laurel High,4-year adjusted cohort,81.70,424,519,20200117
2018,16,Prince George's,1008,Laurel High,3-year adjusted cohort,<= 5.00,*,507,20200117
2018,16,Prince George's,1015,Chesapeake Math and IT Public Charter,5-year adjusted cohort,>= 95.00,*,102,20200117
2018,16,Prince George's,1015,Chesapeake Math and IT Public Charter,4-year adjusted cohort,>= 95.00,*,102,20200117
2018,16,Prince George's,1015,Chesapeake Math and IT Public Charter,3-year adjusted cohort,<= 5.00,*,102,20200117
2018,16,Prince George's,1103,Gwynn Park High,5-year adjusted cohort,>= 95.00,*,270,20200117
2018,16,Prince George's,1103,Gwynn Park High,4-year adjusted cohort,91.43,256,280,20200117
2018,16,Prince George's,1103,Gwynn Park High,3-year adjusted cohort,<= 5.00,*,270,20200117
2018,16,Prince George's,1209,Oxon Hill High,5-year adjusted cohort,88.35,326,369,20200117
2018,16,Prince George's,1209,Oxon Hill High,4-year adjusted cohort,85.98,325,378,20200117
2018,16,Prince George's,1209,Oxon Hill High,3-year adjusted cohort,<= 5.00,*,381,20200117
2018,16,Prince George's,1217,Crossland High,5-year adjusted cohort,74.84,238,318,20200117
2018,16,Prince George's,1217,Crossland High,4-year adjusted cohort,70.27,234,333,20200117
2018,16,Prince George's,1217,Crossland High,3-year adjusted cohort,<= 5.00,*,342,20200117
2018,16,Prince George's,1220,Potomac High,5-year adjusted cohort,83.19,297,357,20200117
2018,16,Prince George's,1220,Potomac High,4-year adjusted cohort,80.71,297,368,20200117
2018,16,Prince George's,1220,Potomac High,3-year adjusted cohort,<= 5.00,*,374,20200117
2018,16,Prince George's,1314,Largo High,5-year adjusted cohort,84.62,154,182,20200117
2018,16,Prince George's,1314,Largo High,4-year adjusted cohort,81.72,152,186,20200117
2018,16,Prince George's,1314,Largo High,3-year adjusted cohort,<= 5.00,*,176,20200117
2018,16,Prince George's,1327,Charles Herbert Flowers High,5-year adjusted cohort,93.91,478,509,20200117
2018,16,Prince George's,1327,Charles Herbert Flowers High,4-year adjusted cohort,90.77,472,520,20200117
2018,16,Prince George's,1327,Charles Herbert Flowers High,3-year adjusted cohort,<= 5.00,*,519,20200117
2018,16,Prince George's,1350,Academy of Health Sciences at PGCC,5-year adjusted cohort,>= 95.00,*,94,20200117
2018,16,Prince George's,1350,Academy of Health Sciences at PGCC,4-year adjusted cohort,>= 95.00,*,94,20200117
2018,16,Prince George's,1350,Academy of Health Sciences at PGCC,3-year adjusted cohort,<= 5.00,*,97,20200117
2018,16,Prince George's,1352,International High school @ Largo,5-year adjusted cohort,*,*,*,20200117
2018,16,Prince George's,1352,International High school @ Largo,4-year adjusted cohort,*,*,*,20200117
2018,16,Prince George's,1352,International High school @ Largo,3-year adjusted cohort,*,*,*,20200117
2018,16,Prince George's,1409,Duval High,5-year adjusted cohort,91.63,449,490,20200117
2018,16,Prince George's,1409,Duval High,4-year adjusted cohort,87.40,444,508,20200117
2018,16,Prince George's,1409,Duval High,3-year adjusted cohort,<= 5.00,*,518,20200117
2018,16,Prince George's,1423,Bowie High,5-year adjusted cohort,93.86,581,619,20200117
2018,16,Prince George's,1423,Bowie High,4-year adjusted cohort,91.75,578,630,20200117
2018,16,Prince George's,1423,Bowie High,3-year adjusted cohort,<= 5.00,*,617,20200117
2018,16,Prince George's,1502,Frederick Douglass High,5-year adjusted cohort,>= 95.00,*,211,20200117
2018,16,Prince George's,1502,Frederick Douglass High,4-year adjusted cohort,>= 95.00,*,214,20200117
2018,16,Prince George's,1502,Frederick Douglass High,3-year adjusted cohort,<= 5.00,*,210,20200117
2018,16,Prince George's,1519,"Dr. Henry A. Wise, Jr. High",5-year adjusted cohort,91.71,487,531,20200117
2018,16,Prince George's,1519,"Dr. Henry A. Wise, Jr. High",4-year adjusted cohort,87.57,486,555,20200117
2018,16,Prince George's,1519,"Dr. Henry A. Wise, Jr. High",3-year adjusted cohort,<= 5.00,*,558,20200117
2018,16,Prince George's,1708,Northwestern High,5-year adjusted cohort,71.84,454,632,20200117
2018,16,Prince George's,1708,Northwestern High,4-year adjusted cohort,66.72,449,673,20200117
2018,16,Prince George's,1708,Northwestern High,3-year adjusted cohort,<= 5.00,*,677,20200117
2018,16,Prince George's,1732,International High School @ Langley Park,5-year adjusted cohort,*,*,*,20200117
2018,16,Prince George's,1732,International High School @ Langley Park,4-year adjusted cohort,*,*,*,20200117
2018,16,Prince George's,1732,International High School @ Langley Park,3-year adjusted cohort,*,*,*,20200117
2018,16,Prince George's,1806,Fairmont Heights High,5-year adjusted cohort,82.74,139,168,20200117
2018,16,Prince George's,1806,Fairmont Heights High,4-year adjusted cohort,80.70,138,171,20200117
2018,16,Prince George's,1806,Fairmont Heights High,3-year adjusted cohort,<= 5.00,*,163,20200117
2018,16,Prince George's,1810,Central High,5-year adjusted cohort,69.08,181,262,20200117
2018,16,Prince George's,1810,Central High,4-year adjusted cohort,65.56,177,270,20200117
2018,16,Prince George's,1810,Central High,3-year adjusted cohort,<= 5.00,*,267,20200117
2018,16,Prince George's,1909,Parkdale High,5-year adjusted cohort,76.95,464,603,20200117
2018,16,Prince George's,1909,Parkdale High,4-year adjusted cohort,73.52,461,627,20200117
2018,16,Prince George's,1909,Parkdale High,3-year adjusted cohort,<= 5.00,*,643,20200117
2018,16,Prince George's,2114,Eleanor Roosevelt High,5-year adjusted cohort,>= 95.00,*,652,20200117
2018,16,Prince George's,2114,Eleanor Roosevelt High,4-year adjusted cohort,>= 95.00,*,655,20200117
2018,16,Prince George's,2114,Eleanor Roosevelt High,3-year adjusted cohort,<= 5.00,*,672,20200117
2018,16,Prince George's,2211,Northwestern Evening/Saturday High,5-year adjusted cohort,41.98,89,212,20200117
2018,16,Prince George's,2211,Northwestern Evening/Saturday High,4-year adjusted cohort,20.18,23,114,20200117
2018,16,Prince George's,2211,Northwestern Evening/Saturday High,3-year adjusted cohort,<= 5.00,*,51,20200117
2018,16,Prince George's,2213,Crossland Evening/Saturday High,5-year adjusted cohort,47.18,67,142,20200117
2018,16,Prince George's,2213,Crossland Evening/Saturday High,4-year adjusted cohort,20.97,13,62,20200117
2018,16,Prince George's,2213,Crossland Evening/Saturday High,3-year adjusted cohort,11.76,4,34,20200117
2018,16,Prince George's,2217,Incarcerated Youth Center (JACS),5-year adjusted cohort,10.00,1,10,20200117
2018,16,Prince George's,2217,Incarcerated Youth Center (JACS),4-year adjusted cohort,*,*,*,20200117
2018,16,Prince George's,2217,Incarcerated Youth Center (JACS),3-year adjusted cohort,*,*,*,20200117
2018,16,Prince George's,2220,Community Based Classrooms,5-year adjusted cohort,90.59,77,85,20200117
2018,16,Prince George's,2220,Community Based Classrooms,4-year adjusted cohort,>= 95.00,*,27,20200117
2018,16,Prince George's,2220,Community Based Classrooms,3-year adjusted cohort,80.00,8,10,20200117
2018,16,Prince George's,A,All Prince George's Schools,5-year adjusted cohort,81.47,7901,9698,20200117
2018,16,Prince George's,A,All Prince George's Schools,4-year adjusted cohort,78.47,7601,9687,20200117
2018,16,Prince George's,A,All Prince George's Schools,3-year adjusted cohort,<= 5.00,*,9616,20200117
2018,17,Queen Anne's,0301,Queen Anne's County High School,5-year adjusted cohort,>= 95.00,*,272,20200117
2018,17,Queen Anne's,0301,Queen Anne's County High School,4-year adjusted cohort,>= 95.00,*,272,20200117
2018,17,Queen Anne's,0301,Queen Anne's County High School,3-year adjusted cohort,<= 5.00,*,278,20200117
2018,17,Queen Anne's,0405,Kent Island High School,5-year adjusted cohort,>= 95.00,*,296,20200117
2018,17,Queen Anne's,0405,Kent Island High School,4-year adjusted cohort,>= 95.00,*,297,20200117
2018,17,Queen Anne's,0405,Kent Island High School,3-year adjusted cohort,<= 5.00,*,292,20200117
2018,17,Queen Anne's,A,All Queen Anne's Schools,5-year adjusted cohort,>= 95.00,*,568,20200117
2018,17,Queen Anne's,A,All Queen Anne's Schools,4-year adjusted cohort,>= 95.00,*,569,20200117
2018,17,Queen Anne's,A,All Queen Anne's Schools,3-year adjusted cohort,<= 5.00,*,570,20200117
2018,18,Saint Mary's,0303,Chopticon High,5-year adjusted cohort,>= 95.00,*,381,20200117
2018,18,Saint Mary's,0303,Chopticon High,4-year adjusted cohort,94.75,361,381,20200117
2018,18,Saint Mary's,0303,Chopticon High,3-year adjusted cohort,<= 5.00,*,380,20200117
2018,18,Saint Mary's,0306,Leonardtown High,5-year adjusted cohort,>= 95.00,*,460,20200117
2018,18,Saint Mary's,0306,Leonardtown High,4-year adjusted cohort,>= 95.00,*,458,20200117
2018,18,Saint Mary's,0306,Leonardtown High,3-year adjusted cohort,<= 5.00,*,455,20200117
2018,18,Saint Mary's,0801,Great Mills High,5-year adjusted cohort,92.89,353,380,20200117
2018,18,Saint Mary's,0801,Great Mills High,4-year adjusted cohort,91.32,347,380,20200117
2018,18,Saint Mary's,0801,Great Mills High,3-year adjusted cohort,<= 5.00,*,370,20200117
2018,18,Saint Mary's,2800,St. Mary's County Evening High School,4-year adjusted cohort,*,*,*,20200117
2018,18,Saint Mary's,A,All Saint Mary's Schools,5-year adjusted cohort,>= 95.00,*,1221,20200117
2018,18,Saint Mary's,A,All Saint Mary's Schools,4-year adjusted cohort,94.51,1153,1220,20200117
2018,18,Saint Mary's,A,All Saint Mary's Schools,3-year adjusted cohort,<= 5.00,*,1205,20200117
2018,19,Somerset,0102,Washington Academy and High School,5-year adjusted cohort,81.42,92,113,20200117
2018,19,Somerset,0102,Washington Academy and High School,4-year adjusted cohort,80.53,91,113,20200117
2018,19,Somerset,0102,Washington Academy and High School,3-year adjusted cohort,<= 5.00,*,118,20200117
2018,19,Somerset,0702,Crisfield Academy and High School,5-year adjusted cohort,92.65,63,68,20200117
2018,19,Somerset,0702,Crisfield Academy and High School,4-year adjusted cohort,91.18,62,68,20200117
2018,19,Somerset,0702,Crisfield Academy and High School,3-year adjusted cohort,<= 5.00,*,65,20200117
2018,19,Somerset,A,All Somerset Schools,5-year adjusted cohort,85.64,155,181,20200117
2018,19,Somerset,A,All Somerset Schools,4-year adjusted cohort,84.53,153,181,20200117
2018,19,Somerset,A,All Somerset Schools,3-year adjusted cohort,<= 5.00,*,183,20200117
2018,20,Talbot,0101,Easton High,5-year adjusted cohort,93.86,260,277,20200117
2018,20,Talbot,0101,Easton High,4-year adjusted cohort,93.12,257,276,20200117
2018,20,Talbot,0101,Easton High,3-year adjusted cohort,<= 5.00,*,268,20200117
2018,20,Talbot,0202,St. Michaels Middle/High School,5-year adjusted cohort,>= 95.00,*,68,20200117
2018,20,Talbot,0202,St. Michaels Middle/High School,4-year adjusted cohort,>= 95.00,*,68,20200117
2018,20,Talbot,0202,St. Michaels Middle/High School,3-year adjusted cohort,<= 5.00,*,65,20200117
2018,20,Talbot,A,All Talbot Schools,5-year adjusted cohort,94.78,327,345,20200117
2018,20,Talbot,A,All Talbot Schools,4-year adjusted cohort,94.19,324,344,20200117
2018,20,Talbot,A,All Talbot Schools,3-year adjusted cohort,<= 5.00,*,333,20200117
2018,21,Washington,0040,Barbara Ingram School for the Arts,5-year adjusted cohort,>= 95.00,*,66,20200117
2018,21,Washington,0040,Barbara Ingram School for the Arts,4-year adjusted cohort,>= 95.00,*,66,20200117
2018,21,Washington,0040,Barbara Ingram School for the Arts,3-year adjusted cohort,6.06,4,66,20200117
2018,21,Washington,0204,Williamsport High,5-year adjusted cohort,90.00,207,230,20200117
2018,21,Washington,0204,Williamsport High,4-year adjusted cohort,88.74,205,231,20200117
2018,21,Washington,0204,Williamsport High,3-year adjusted cohort,<= 5.00,*,226,20200117
2018,21,Washington,0301,South Hagerstown High,5-year adjusted cohort,88.51,285,322,20200117
2018,21,Washington,0301,South Hagerstown High,4-year adjusted cohort,86.81,283,326,20200117
2018,21,Washington,0301,South Hagerstown High,3-year adjusted cohort,11.78,37,314,20200117
2018,21,Washington,0305,Washington County Technical High,5-year adjusted cohort,>= 95.00,*,290,20200117
2018,21,Washington,0305,Washington County Technical High,4-year adjusted cohort,>= 95.00,*,290,20200117
2018,21,Washington,0305,Washington County Technical High,3-year adjusted cohort,<= 5.00,*,306,20200117
2018,21,Washington,0403,Clear Spring High,5-year adjusted cohort,>= 95.00,*,124,20200117
2018,21,Washington,0403,Clear Spring High,4-year adjusted cohort,94.49,120,127,20200117
2018,21,Washington,0403,Clear Spring High,3-year adjusted cohort,11.20,14,125,20200117
2018,21,Washington,0501,Hancock Middle Senior High,5-year adjusted cohort,>= 95.00,*,29,20200117
2018,21,Washington,0501,Hancock Middle Senior High,4-year adjusted cohort,93.10,27,29,20200117
2018,21,Washington,0501,Hancock Middle Senior High,3-year adjusted cohort,<= 5.00,*,26,20200117
2018,21,Washington,0601,Boonsboro High,5-year adjusted cohort,>= 95.00,*,184,20200117
2018,21,Washington,0601,Boonsboro High,4-year adjusted cohort,>= 95.00,*,183,20200117
2018,21,Washington,0601,Boonsboro High,3-year adjusted cohort,7.91,14,177,20200117
2018,21,Washington,0701,Smithsburg High,5-year adjusted cohort,>= 95.00,*,193,20200117
2018,21,Washington,0701,Smithsburg High,4-year adjusted cohort,>= 95.00,*,192,20200117
2018,21,Washington,0701,Smithsburg High,3-year adjusted cohort,<= 5.00,*,187,20200117
2018,21,Washington,0705,Washington County Job Development Center,5-year adjusted cohort,<= 5.00,*,14,20200117
2018,21,Washington,0705,Washington County Job Development Center,4-year adjusted cohort,*,*,*,20200117
2018,21,Washington,2101,North Hagerstown High,5-year adjusted cohort,94.65,301,318,20200117
2018,21,Washington,2101,North Hagerstown High,4-year adjusted cohort,93.33,294,315,20200117
2018,21,Washington,2101,North Hagerstown High,3-year adjusted cohort,9.67,29,300,20200117
2018,21,Washington,2505,Marshall Street School,5-year adjusted cohort,*,*,*,20200117
2018,21,Washington,2505,Marshall Street School,4-year adjusted cohort,*,*,*,20200117
2018,21,Washington,2505,Marshall Street School,3-year adjusted cohort,*,*,*,20200117
2018,21,Washington,A,All Washington Schools,5-year adjusted cohort,93.69,1662,1774,20200117
2018,21,Washington,A,All Washington Schools,4-year adjusted cohort,93.10,1646,1768,20200117
2018,21,Washington,A,All Washington Schools,3-year adjusted cohort,6.69,116,1733,20200117
2018,22,Wicomico,0102,Mardela Middle & High,5-year adjusted cohort,92.55,87,94,20200117
2018,22,Wicomico,0102,Mardela Middle & High,4-year adjusted cohort,90.63,87,96,20200117
2018,22,Wicomico,0102,Mardela Middle & High,3-year adjusted cohort,<= 5.00,*,95,20200117
2018,22,Wicomico,0513,Wicomico High,5-year adjusted cohort,84.48,196,232,20200117
2018,22,Wicomico,0513,Wicomico High,4-year adjusted cohort,82.70,196,237,20200117
2018,22,Wicomico,0513,Wicomico High,3-year adjusted cohort,5.04,12,238,20200117
2018,22,Wicomico,0520,Wicomico County Evening High,5-year adjusted cohort,39.68,25,63,20200117
2018,22,Wicomico,0520,Wicomico County Evening High,4-year adjusted cohort,27.50,11,40,20200117
2018,22,Wicomico,0520,Wicomico County Evening High,3-year adjusted cohort,<= 5.00,*,27,20200117
2018,22,Wicomico,1307,James M. Bennett High,5-year adjusted cohort,87.95,343,390,20200117
2018,22,Wicomico,1307,James M. Bennett High,4-year adjusted cohort,85.89,341,397,20200117
2018,22,Wicomico,1307,James M. Bennett High,3-year adjusted cohort,<= 5.00,*,387,20200117
2018,22,Wicomico,1309,Parkside High,5-year adjusted cohort,86.86,238,274,20200117
2018,22,Wicomico,1309,Parkside High,4-year adjusted cohort,85.30,238,279,20200117
2018,22,Wicomico,1309,Parkside High,3-year adjusted cohort,<= 5.00,*,271,20200117
2018,22,Wicomico,A,All Wicomico Schools,5-year adjusted cohort,84.43,889,1053,20200117
2018,22,Wicomico,A,All Wicomico Schools,4-year adjusted cohort,83.22,873,1049,20200117
2018,22,Wicomico,A,All Wicomico Schools,3-year adjusted cohort,<= 5.00,*,1018,20200117
2018,23,Worcester,0107,Pocomoke High,5-year adjusted cohort,90.43,85,94,20200117
2018,23,Worcester,0107,Pocomoke High,4-year adjusted cohort,89.36,84,94,20200117
2018,23,Worcester,0107,Pocomoke High,3-year adjusted cohort,<= 5.00,*,89,20200117
2018,23,Worcester,0207,Snow Hill High,5-year adjusted cohort,>= 95.00,*,84,20200117
2018,23,Worcester,0207,Snow Hill High,4-year adjusted cohort,>= 95.00,*,84,20200117
2018,23,Worcester,0207,Snow Hill High,3-year adjusted cohort,<= 5.00,*,84,20200117
2018,23,Worcester,0310,Stephen Decatur High,5-year adjusted cohort,>= 95.00,*,297,20200117
2018,23,Worcester,0310,Stephen Decatur High,4-year adjusted cohort,94.95,282,297,20200117
2018,23,Worcester,0310,Stephen Decatur High,3-year adjusted cohort,<= 5.00,*,294,20200117
2018,23,Worcester,0401,Cedar Chapel Special School,5-year adjusted cohort,*,*,*,20200117
2018,23,Worcester,0401,Cedar Chapel Special School,4-year adjusted cohort,*,*,*,20200117
2018,23,Worcester,0401,Cedar Chapel Special School,3-year adjusted cohort,*,*,*,20200117
2018,23,Worcester,A,All Worcester Schools,5-year adjusted cohort,93.76,451,481,20200117
2018,23,Worcester,A,All Worcester Schools,4-year adjusted cohort,92.53,446,482,20200117
2018,23,Worcester,A,All Worcester Schools,3-year adjusted cohort,<= 5.00,*,473,20200117
2018,30,Baltimore City,0177,George W. F. McMechen,5-year adjusted cohort,*,*,*,20200117
2018,30,Baltimore City,0177,George W. F. McMechen,4-year adjusted cohort,*,*,*,20200117
2018,30,Baltimore City,0177,George W. F. McMechen,3-year adjusted cohort,*,*,*,20200117
2018,30,Baltimore City,0178,Excel Academy @ Francis M. Wood High,5-year adjusted cohort,26.61,66,248,20200117
2018,30,Baltimore City,0178,Excel Academy @ Francis M. Wood High,4-year adjusted cohort,22.39,45,201,20200117
2018,30,Baltimore City,0178,Excel Academy @ Francis M. Wood High,3-year adjusted cohort,7.87,10,127,20200117
2018,30,Baltimore City,0239,Benjamin Franklin High School at Masonville Cove,5-year adjusted cohort,52.80,66,125,20200117
2018,30,Baltimore City,0239,Benjamin Franklin High School at Masonville Cove,4-year adjusted cohort,50.40,63,125,20200117
2018,30,Baltimore City,0239,Benjamin Franklin High School at Masonville Cove,3-year adjusted cohort,<= 5.00,*,124,20200117
2018,30,Baltimore City,0301,William S. Baer School,5-year adjusted cohort,*,*,*,20200117
2018,30,Baltimore City,0301,William S. Baer School,4-year adjusted cohort,*,*,*,20200117
2018,30,Baltimore City,0301,William S. Baer School,3-year adjusted cohort,*,*,*,20200117
2018,30,Baltimore City,0307,Claremont School,5-year adjusted cohort,*,*,*,20200117
2018,30,Baltimore City,0307,Claremont School,4-year adjusted cohort,*,*,*,20200117
2018,30,Baltimore City,0307,Claremont School,3-year adjusted cohort,<= 5.00,*,10,20200117
2018,30,Baltimore City,0325,ConneXions: A  Community Based Arts School,5-year adjusted cohort,74.24,49,66,20200117
2018,30,Baltimore City,0325,ConneXions: A  Community Based Arts School,4-year adjusted cohort,63.24,43,68,20200117
2018,30,Baltimore City,0325,ConneXions: A  Community Based Arts School,3-year adjusted cohort,<= 5.00,*,70,20200117
2018,30,Baltimore City,0333,Independence School Local I,5-year adjusted cohort,69.05,29,42,20200117
2018,30,Baltimore City,0333,Independence School Local I,4-year adjusted cohort,65.00,26,40,20200117
2018,30,Baltimore City,0333,Independence School Local I,3-year adjusted cohort,<= 5.00,*,29,20200117
2018,30,Baltimore City,0339,Friendship Academy of Engineering and Technology,5-year adjusted cohort,76.92,40,52,20200117
2018,30,Baltimore City,0339,Friendship Academy of Engineering and Technology,4-year adjusted cohort,71.43,40,56,20200117
2018,30,Baltimore City,0339,Friendship Academy of Engineering and Technology,3-year adjusted cohort,<= 5.00,*,73,20200117
2018,30,Baltimore City,0341,The Reach! Partnership School,5-year adjusted cohort,67.36,97,144,20200117
2018,30,Baltimore City,0341,The Reach! Partnership School,4-year adjusted cohort,60.67,91,150,20200117
2018,30,Baltimore City,0341,The Reach! Partnership School,3-year adjusted cohort,<= 5.00,*,146,20200117
2018,30,Baltimore City,0342,K.A.S.A. (Knowledge And Success Academy),5-year adjusted cohort,79.17,19,24,20200117
2018,30,Baltimore City,0342,K.A.S.A. (Knowledge And Success Academy),4-year adjusted cohort,65.52,19,29,20200117
2018,30,Baltimore City,0342,K.A.S.A. (Knowledge And Success Academy),3-year adjusted cohort,<= 5.00,*,44,20200117
2018,30,Baltimore City,0345,Joseph C. Briscoe Academy,5-year adjusted cohort,20.00,2,10,20200117
2018,30,Baltimore City,0345,Joseph C. Briscoe Academy,4-year adjusted cohort,<= 5.00,*,11,20200117
2018,30,Baltimore City,0345,Joseph C. Briscoe Academy,3-year adjusted cohort,<= 5.00,*,14,20200117
2018,30,Baltimore City,0348,Baltimore Leadership School for Young Women,5-year adjusted cohort,94.44,34,36,20200117
2018,30,Baltimore City,0348,Baltimore Leadership School for Young Women,4-year adjusted cohort,88.89,32,36,20200117
2018,30,Baltimore City,0348,Baltimore Leadership School for Young Women,3-year adjusted cohort,<= 5.00,*,43,20200117
2018,30,Baltimore City,0349,N.A.C.A. Freedom and Democracy Academy II,5-year adjusted cohort,70.83,17,24,20200117
2018,30,Baltimore City,0349,N.A.C.A. Freedom and Democracy Academy II,4-year adjusted cohort,64.00,16,25,20200117
2018,30,Baltimore City,0349,N.A.C.A. Freedom and Democracy Academy II,3-year adjusted cohort,<= 5.00,*,28,20200117
2018,30,Baltimore City,0362,Bard High School Early College,5-year adjusted cohort,78.95,15,19,20200117
2018,30,Baltimore City,0362,Bard High School Early College,4-year adjusted cohort,73.68,14,19,20200117
2018,30,Baltimore City,0362,Bard High School Early College,3-year adjusted cohort,<= 5.00,*,18,20200117
2018,30,Baltimore City,0364,Bluford Drew Jemison STEM Academy West,5-year adjusted cohort,83.33,30,36,20200117
2018,30,Baltimore City,0364,Bluford Drew Jemison STEM Academy West,4-year adjusted cohort,77.78,28,36,20200117
2018,30,Baltimore City,0364,Bluford Drew Jemison STEM Academy West,3-year adjusted cohort,<= 5.00,*,37,20200117
2018,30,Baltimore City,0376,City Neighbors High School,5-year adjusted cohort,92.00,92,100,20200117
2018,30,Baltimore City,0376,City Neighbors High School,4-year adjusted cohort,87.13,88,101,20200117
2018,30,Baltimore City,0376,City Neighbors High School,3-year adjusted cohort,<= 5.00,*,102,20200117
2018,30,Baltimore City,0377,Green Street Academy,5-year adjusted cohort,86.76,59,68,20200117
2018,30,Baltimore City,0377,Green Street Academy,4-year adjusted cohort,81.43,57,70,20200117
2018,30,Baltimore City,0377,Green Street Academy,3-year adjusted cohort,<= 5.00,*,77,20200117
2018,30,Baltimore City,0382,Baltimore Design School,5-year adjusted cohort,>= 95.00,*,49,20200117
2018,30,Baltimore City,0382,Baltimore Design School,4-year adjusted cohort,>= 95.00,*,49,20200117
2018,30,Baltimore City,0382,Baltimore Design School,3-year adjusted cohort,<= 5.00,*,49,20200117
2018,30,Baltimore City,0400,Edmondson-Westside High,5-year adjusted cohort,82.81,183,221,20200117
2018,30,Baltimore City,0400,Edmondson-Westside High,4-year adjusted cohort,80.91,178,220,20200117
2018,30,Baltimore City,0400,Edmondson-Westside High,3-year adjusted cohort,<= 5.00,*,218,20200117
2018,30,Baltimore City,0403,Baltimore Polytechnic Institute,5-year adjusted cohort,>= 95.00,*,409,20200117
2018,30,Baltimore City,0403,Baltimore Polytechnic Institute,4-year adjusted cohort,>= 95.00,*,410,20200117
2018,30,Baltimore City,0403,Baltimore Polytechnic Institute,3-year adjusted cohort,<= 5.00,*,416,20200117
2018,30,Baltimore City,0405,Patterson High,5-year adjusted cohort,63.07,193,306,20200117
2018,30,Baltimore City,0405,Patterson High,4-year adjusted cohort,60.58,189,312,20200117
2018,30,Baltimore City,0405,Patterson High,3-year adjusted cohort,<= 5.00,*,318,20200117
2018,30,Baltimore City,0406,Forest Park High,5-year adjusted cohort,77.27,102,132,20200117
2018,30,Baltimore City,0406,Forest Park High,4-year adjusted cohort,66.67,90,135,20200117
2018,30,Baltimore City,0406,Forest Park High,3-year adjusted cohort,<= 5.00,*,94,20200117
2018,30,Baltimore City,0407,Western High,5-year adjusted cohort,>= 95.00,*,238,20200117
2018,30,Baltimore City,0407,Western High,4-year adjusted cohort,94.98,227,239,20200117
2018,30,Baltimore City,0407,Western High,3-year adjusted cohort,<= 5.00,*,247,20200117
2018,30,Baltimore City,0410,Mergenthaler Vocational-Technical High,5-year adjusted cohort,90.06,326,362,20200117
2018,30,Baltimore City,0410,Mergenthaler Vocational-Technical High,4-year adjusted cohort,84.95,316,372,20200117
2018,30,Baltimore City,0410,Mergenthaler Vocational-Technical High,3-year adjusted cohort,<= 5.00,*,394,20200117
2018,30,Baltimore City,0413,Achievement Academy @ Harbor City High,5-year adjusted cohort,22.77,51,224,20200117
2018,30,Baltimore City,0413,Achievement Academy @ Harbor City High,4-year adjusted cohort,19.08,33,173,20200117
2018,30,Baltimore City,0413,Achievement Academy @ Harbor City High,3-year adjusted cohort,<= 5.00,*,87,20200117
2018,30,Baltimore City,0414,Paul Laurence Dunbar High,5-year adjusted cohort,>= 95.00,*,210,20200117
2018,30,Baltimore City,0414,Paul Laurence Dunbar High,4-year adjusted cohort,94.76,199,210,20200117
2018,30,Baltimore City,0414,Paul Laurence Dunbar High,3-year adjusted cohort,<= 5.00,*,211,20200117
2018,30,Baltimore City,0415,Baltimore School for the Arts,5-year adjusted cohort,>= 95.00,*,89,20200117
2018,30,Baltimore City,0415,Baltimore School for the Arts,4-year adjusted cohort,>= 95.00,*,89,20200117
2018,30,Baltimore City,0415,Baltimore School for the Arts,3-year adjusted cohort,<= 5.00,*,92,20200117
2018,30,Baltimore City,0416,Digital Harbor High School,5-year adjusted cohort,72.67,218,300,20200117
2018,30,Baltimore City,0416,Digital Harbor High School,4-year adjusted cohort,66.77,213,319,20200117
2018,30,Baltimore City,0416,Digital Harbor High School,3-year adjusted cohort,<= 5.00,*,333,20200117
2018,30,Baltimore City,0419,Reginald F. Lewis High School,5-year adjusted cohort,67.21,82,122,20200117
2018,30,Baltimore City,0419,Reginald F. Lewis High School,4-year adjusted cohort,57.69,75,130,20200117
2018,30,Baltimore City,0419,Reginald F. Lewis High School,3-year adjusted cohort,<= 5.00,*,139,20200117
2018,30,Baltimore City,0421,National Academy Foundation,5-year adjusted cohort,80.15,105,131,20200117
2018,30,Baltimore City,0421,National Academy Foundation,4-year adjusted cohort,76.69,102,133,20200117
2018,30,Baltimore City,0421,National Academy Foundation,3-year adjusted cohort,<= 5.00,*,134,20200117
2018,30,Baltimore City,0422,New Era Academy,5-year adjusted cohort,61.97,44,71,20200117
2018,30,Baltimore City,0422,New Era Academy,4-year adjusted cohort,56.00,42,75,20200117
2018,30,Baltimore City,0422,New Era Academy,3-year adjusted cohort,<= 5.00,*,76,20200117
2018,30,Baltimore City,0427,Academy for College and Career Exploration,5-year adjusted cohort,70.21,66,94,20200117
2018,30,Baltimore City,0427,Academy for College and Career Exploration,4-year adjusted cohort,68.42,65,95,20200117
2018,30,Baltimore City,0427,Academy for College and Career Exploration,3-year adjusted cohort,<= 5.00,*,106,20200117
2018,30,Baltimore City,0429,Vivien T. Thomas Medical Arts Academy,5-year adjusted cohort,78.89,71,90,20200117
2018,30,Baltimore City,0429,Vivien T. Thomas Medical Arts Academy,4-year adjusted cohort,75.27,70,93,20200117
2018,30,Baltimore City,0429,Vivien T. Thomas Medical Arts Academy,3-year adjusted cohort,<= 5.00,*,101,20200117
2018,30,Baltimore City,0430,Augusta Fells Savage Institute of Visual Arts,5-year adjusted cohort,59.17,71,120,20200117
2018,30,Baltimore City,0430,Augusta Fells Savage Institute of Visual Arts,4-year adjusted cohort,56.10,69,123,20200117
2018,30,Baltimore City,0430,Augusta Fells Savage Institute of Visual Arts,3-year adjusted cohort,<= 5.00,*,112,20200117
2018,30,Baltimore City,0432,Coppin Academy,5-year adjusted cohort,92.68,76,82,20200117
2018,30,Baltimore City,0432,Coppin Academy,4-year adjusted cohort,91.46,75,82,20200117
2018,30,Baltimore City,0432,Coppin Academy,3-year adjusted cohort,<= 5.00,*,77,20200117
2018,30,Baltimore City,0433,Renaissance Academy,5-year adjusted cohort,42.68,35,82,20200117
2018,30,Baltimore City,0433,Renaissance Academy,4-year adjusted cohort,44.30,35,79,20200117
2018,30,Baltimore City,0433,Renaissance Academy,3-year adjusted cohort,<= 5.00,*,61,20200117
2018,30,Baltimore City,0450,Frederick Douglass High,5-year adjusted cohort,78.97,199,252,20200117
2018,30,Baltimore City,0450,Frederick Douglass High,4-year adjusted cohort,73.64,190,258,20200117
2018,30,Baltimore City,0450,Frederick Douglass High,3-year adjusted cohort,<= 5.00,*,245,20200117
2018,30,Baltimore City,0454,Carver Vocational-Technical High,5-year adjusted cohort,82.97,190,229,20200117
2018,30,Baltimore City,0454,Carver Vocational-Technical High,4-year adjusted cohort,78.21,183,234,20200117
2018,30,Baltimore City,0454,Carver Vocational-Technical High,3-year adjusted cohort,<= 5.00,*,242,20200117
2018,30,Baltimore City,0480,Baltimore City College,5-year adjusted cohort,>= 95.00,*,308,20200117
2018,30,Baltimore City,0480,Baltimore City College,4-year adjusted cohort,>= 95.00,*,308,20200117
2018,30,Baltimore City,0480,Baltimore City College,3-year adjusted cohort,<= 5.00,*,321,20200117
2018,30,Baltimore City,A,All Baltimore City Schools,5-year adjusted cohort,75.02,3904,5204,20200117
2018,30,Baltimore City,A,All Baltimore City Schools,4-year adjusted cohort,72.18,3750,5195,20200117
2018,30,Baltimore City,A,All Baltimore City Schools,3-year adjusted cohort,<= 5.00,*,5171,20200117
2018,32,SEED,1000,The Seed School of Maryland,5-year adjusted cohort,88.24,30,34,20200117
2018,32,SEED,1000,The Seed School of Maryland,4-year adjusted cohort,88.24,30,34,20200117
2018,32,SEED,1000,The Seed School of Maryland,3-year adjusted cohort,<= 5.00,*,39,20200117
2018,32,SEED,A,All SEED Schools,5-year adjusted cohort,88.24,30,34,20200117
2018,32,SEED,A,All SEED Schools,4-year adjusted cohort,88.24,30,34,20200117
2018,32,SEED,A,All SEED Schools,3-year adjusted cohort,<= 5.00,*,39,20200117
2018,A,All Public Schools,A,All Maryland Schools,5-year adjusted cohort,88.91,57929,65157,20200117
2018,A,All Public Schools,A,All Maryland Schools,4-year adjusted cohort,87.12,56704,65089,20200117
2018,A,All Public Schools,A,All Maryland Schools,3-year adjusted cohort,2.01,1294,64429,20200117
